PM25,Anomaly,Time,Model
3,FALSE,2021-01-01T12:29:40Z,LSTM
4,FALSE,2021-01-01T12:39:40Z,LSTM
12,FALSE,2021-01-01T12:49:40Z,LSTM
16,TRUE,2021-01-01T12:59:40Z,LSTM
7,FALSE,2021-01-01T13:09:40Z,LSTM
13,FALSE,2021-01-01T13:19:40Z,LSTM
3,FALSE,2021-01-01T12:29:40Z,GRU
4,FALSE,2021-01-01T12:39:40Z,GRU
12,FALSE,2021-01-01T12:49:40Z,GRU
16,TRUE,2021-01-01T12:59:40Z,GRU
7,FALSE,2021-01-01T13:09:40Z,GRU
13,FALSE,2021-01-01T13:19:40Z,GRU
3,TRUE,2021-01-01T12:29:40Z,DNN
4,FALSE,2021-01-01T12:39:40Z,DNN
12,FALSE,2021-01-01T12:49:40Z,DNN
16,FALSE,2021-01-01T12:59:40Z,DNN
7,FALSE,2021-01-01T13:09:40Z,DNN
13,FALSE,2021-01-01T13:19:40Z,DNN
3,FALSE,2021-01-01T12:29:40Z,Isolation Forest
4,FALSE,2021-01-01T12:39:40Z,Isolation Forest
12,FALSE,2021-01-01T12:49:40Z,Isolation Forest
16,FALSE,2021-01-01T12:59:40Z,Isolation Forest
7,FALSE,2021-01-01T13:09:40Z,Isolation Forest
13,FALSE,2021-01-01T13:19:40Z,Isolation Forest
3,FALSE,2021-01-01T13:29:57Z,LSTM
4,FALSE,2021-01-01T13:39:57Z,LSTM
4,FALSE,2021-01-01T13:49:57Z,LSTM
43,FALSE,2021-01-01T13:59:57Z,LSTM
58,TRUE,2021-01-01T14:09:57Z,LSTM
16,FALSE,2021-01-01T14:19:57Z,LSTM
3,FALSE,2021-01-01T13:29:57Z,GRU
4,FALSE,2021-01-01T13:39:57Z,GRU
4,FALSE,2021-01-01T13:49:57Z,GRU
43,FALSE,2021-01-01T13:59:57Z,GRU
58,TRUE,2021-01-01T14:09:57Z,GRU
16,FALSE,2021-01-01T14:19:57Z,GRU
3,TRUE,2021-01-01T13:29:57Z,DNN
4,FALSE,2021-01-01T13:39:57Z,DNN
4,FALSE,2021-01-01T13:49:57Z,DNN
43,FALSE,2021-01-01T13:59:57Z,DNN
58,FALSE,2021-01-01T14:09:57Z,DNN
16,FALSE,2021-01-01T14:19:57Z,DNN
9,FALSE,2021-01-01T14:30:14Z,LSTM
4,FALSE,2021-01-01T14:40:14Z,LSTM
17,FALSE,2021-01-01T14:50:14Z,LSTM
28,TRUE,2021-01-01T15:00:14Z,LSTM
3,FALSE,2021-01-01T15:10:14Z,LSTM
4,FALSE,2021-01-01T15:20:14Z,LSTM
9,FALSE,2021-01-01T14:30:14Z,GRU
4,FALSE,2021-01-01T14:40:14Z,GRU
17,FALSE,2021-01-01T14:50:14Z,GRU
28,TRUE,2021-01-01T15:00:14Z,GRU
3,FALSE,2021-01-01T15:10:14Z,GRU
4,FALSE,2021-01-01T15:20:14Z,GRU
9,FALSE,2021-01-01T14:30:14Z,DNN
4,FALSE,2021-01-01T14:40:14Z,DNN
17,FALSE,2021-01-01T14:50:14Z,DNN
28,TRUE,2021-01-01T15:00:14Z,DNN
3,FALSE,2021-01-01T15:10:14Z,DNN
4,FALSE,2021-01-01T15:20:14Z,DNN
9,FALSE,2021-01-01T14:30:14Z,Isolation Forest
4,FALSE,2021-01-01T14:40:14Z,Isolation Forest
17,FALSE,2021-01-01T14:50:14Z,Isolation Forest
28,FALSE,2021-01-01T15:00:14Z,Isolation Forest
3,FALSE,2021-01-01T15:10:14Z,Isolation Forest
4,FALSE,2021-01-01T15:20:14Z,Isolation Forest
6,FALSE,2021-01-01T15:30:24Z,LSTM
7,FALSE,2021-01-01T15:40:24Z,LSTM
10,FALSE,2021-01-01T15:50:24Z,LSTM
8,FALSE,2021-01-01T16:00:24Z,LSTM
-125,TRUE,2021-01-01T16:10:24Z,LSTM
4,FALSE,2021-01-01T16:20:24Z,LSTM
6,FALSE,2021-01-01T15:30:24Z,GRU
7,FALSE,2021-01-01T15:40:24Z,GRU
10,FALSE,2021-01-01T15:50:24Z,GRU
8,FALSE,2021-01-01T16:00:24Z,GRU
-125,TRUE,2021-01-01T16:10:24Z,GRU
4,FALSE,2021-01-01T16:20:24Z,GRU
6,FALSE,2021-01-01T15:30:24Z,DNN
7,FALSE,2021-01-01T15:40:24Z,DNN
10,FALSE,2021-01-01T15:50:24Z,DNN
8,FALSE,2021-01-01T16:00:24Z,DNN
-125,TRUE,2021-01-01T16:10:24Z,DNN
4,FALSE,2021-01-01T16:20:24Z,DNN
6,FALSE,2021-01-01T15:30:24Z,Isolation Forest
7,FALSE,2021-01-01T15:40:24Z,Isolation Forest
10,FALSE,2021-01-01T15:50:24Z,Isolation Forest
8,FALSE,2021-01-01T16:00:24Z,Isolation Forest
-125,FALSE,2021-01-01T16:10:24Z,Isolation Forest
4,FALSE,2021-01-01T16:20:24Z,Isolation Forest
6,FALSE,2021-01-01T16:30:37Z,LSTM
11,FALSE,2021-01-01T16:40:37Z,LSTM
12,FALSE,2021-01-01T16:50:37Z,LSTM
23,FALSE,2021-01-01T17:00:37Z,LSTM
46,TRUE,2021-01-01T17:10:37Z,LSTM
13,FALSE,2021-01-01T17:20:36Z,LSTM
6,FALSE,2021-01-01T16:30:37Z,GRU
11,FALSE,2021-01-01T16:40:37Z,GRU
12,FALSE,2021-01-01T16:50:37Z,GRU
23,FALSE,2021-01-01T17:00:37Z,GRU
46,TRUE,2021-01-01T17:10:37Z,GRU
13,FALSE,2021-01-01T17:20:36Z,GRU
6,FALSE,2021-01-01T16:30:37Z,DNN
11,FALSE,2021-01-01T16:40:37Z,DNN
12,FALSE,2021-01-01T16:50:37Z,DNN
23,FALSE,2021-01-01T17:00:37Z,DNN
46,TRUE,2021-01-01T17:10:37Z,DNN
13,FALSE,2021-01-01T17:20:36Z,DNN
76,FALSE,2021-01-01T17:30:53Z,LSTM
-11,FALSE,2021-01-01T17:40:53Z,LSTM
116,TRUE,2021-01-01T17:50:53Z,LSTM
21,FALSE,2021-01-01T18:00:53Z,LSTM
10,FALSE,2021-01-01T18:10:53Z,LSTM
31,FALSE,2021-01-01T18:20:53Z,LSTM
76,FALSE,2021-01-01T17:30:53Z,GRU
-11,FALSE,2021-01-01T17:40:53Z,GRU
116,TRUE,2021-01-01T17:50:53Z,GRU
21,FALSE,2021-01-01T18:00:53Z,GRU
10,FALSE,2021-01-01T18:10:53Z,GRU
31,FALSE,2021-01-01T18:20:53Z,GRU
76,FALSE,2021-01-01T17:30:53Z,DNN
-11,TRUE,2021-01-01T17:40:53Z,DNN
116,FALSE,2021-01-01T17:50:53Z,DNN
21,FALSE,2021-01-01T18:00:53Z,DNN
10,FALSE,2021-01-01T18:10:53Z,DNN
31,FALSE,2021-01-01T18:20:53Z,DNN
9,FALSE,2021-01-01T18:31:07Z,LSTM
23,FALSE,2021-01-01T18:41:07Z,LSTM
17,FALSE,2021-01-01T18:51:07Z,LSTM
16,FALSE,2021-01-01T19:01:07Z,LSTM
13,FALSE,2021-01-01T19:11:07Z,LSTM
26,TRUE,2021-01-01T19:21:07Z,LSTM
9,FALSE,2021-01-01T18:31:07Z,GRU
23,FALSE,2021-01-01T18:41:07Z,GRU
17,FALSE,2021-01-01T18:51:07Z,GRU
16,FALSE,2021-01-01T19:01:07Z,GRU
13,FALSE,2021-01-01T19:11:07Z,GRU
26,TRUE,2021-01-01T19:21:07Z,GRU
9,TRUE,2021-01-01T18:31:07Z,DNN
23,FALSE,2021-01-01T18:41:07Z,DNN
17,FALSE,2021-01-01T18:51:07Z,DNN
16,FALSE,2021-01-01T19:01:07Z,DNN
13,FALSE,2021-01-01T19:11:07Z,DNN
26,FALSE,2021-01-01T19:21:07Z,DNN
14,FALSE,2021-01-01T19:31:19Z,LSTM
10,FALSE,2021-01-01T19:41:19Z,LSTM
6,TRUE,2021-01-01T19:51:19Z,LSTM
20,FALSE,2021-01-01T20:01:19Z,LSTM
27,FALSE,2021-01-01T20:11:19Z,LSTM
23,FALSE,2021-01-01T20:21:19Z,LSTM
14,FALSE,2021-01-01T19:31:19Z,GRU
10,FALSE,2021-01-01T19:41:19Z,GRU
6,TRUE,2021-01-01T19:51:19Z,GRU
20,FALSE,2021-01-01T20:01:19Z,GRU
27,FALSE,2021-01-01T20:11:19Z,GRU
23,FALSE,2021-01-01T20:21:19Z,GRU
14,FALSE,2021-01-01T19:31:19Z,DNN
10,FALSE,2021-01-01T19:41:19Z,DNN
6,TRUE,2021-01-01T19:51:19Z,DNN
20,FALSE,2021-01-01T20:01:19Z,DNN
27,FALSE,2021-01-01T20:11:19Z,DNN
23,FALSE,2021-01-01T20:21:19Z,DNN
14,FALSE,2021-01-01T20:31:28Z,LSTM
19,FALSE,2021-01-01T20:41:28Z,LSTM
19,FALSE,2021-01-01T20:51:28Z,LSTM
11,FALSE,2021-01-01T21:01:28Z,LSTM
10,FALSE,2021-01-01T21:11:28Z,LSTM
11,FALSE,2021-01-01T21:21:28Z,LSTM
14,FALSE,2021-01-01T20:31:28Z,GRU
19,FALSE,2021-01-01T20:41:28Z,GRU
19,FALSE,2021-01-01T20:51:28Z,GRU
11,FALSE,2021-01-01T21:01:28Z,GRU
10,FALSE,2021-01-01T21:11:28Z,GRU
11,FALSE,2021-01-01T21:21:28Z,GRU
14,FALSE,2021-01-01T20:31:28Z,DNN
19,FALSE,2021-01-01T20:41:28Z,DNN
19,FALSE,2021-01-01T20:51:28Z,DNN
11,FALSE,2021-01-01T21:01:28Z,DNN
10,TRUE,2021-01-01T21:11:28Z,DNN
11,FALSE,2021-01-01T21:21:28Z,DNN
8,FALSE,2021-01-01T21:31:40Z,LSTM
6,FALSE,2021-01-01T21:41:40Z,LSTM
19,FALSE,2021-01-01T21:51:40Z,LSTM
19,FALSE,2021-01-01T22:01:39Z,LSTM
17,FALSE,2021-01-01T22:11:39Z,LSTM
26,TRUE,2021-01-01T22:21:39Z,LSTM
8,FALSE,2021-01-01T21:31:40Z,GRU
6,FALSE,2021-01-01T21:41:40Z,GRU
19,FALSE,2021-01-01T21:51:40Z,GRU
19,FALSE,2021-01-01T22:01:39Z,GRU
17,FALSE,2021-01-01T22:11:39Z,GRU
26,TRUE,2021-01-01T22:21:39Z,GRU
8,FALSE,2021-01-01T21:31:40Z,DNN
6,TRUE,2021-01-01T21:41:40Z,DNN
19,FALSE,2021-01-01T21:51:40Z,DNN
19,FALSE,2021-01-01T22:01:39Z,DNN
17,FALSE,2021-01-01T22:11:39Z,DNN
26,FALSE,2021-01-01T22:21:39Z,DNN
20,FALSE,2021-01-01T22:31:50Z,LSTM
25,TRUE,2021-01-01T22:41:50Z,LSTM
14,FALSE,2021-01-01T22:51:50Z,LSTM
11,FALSE,2021-01-01T23:01:50Z,LSTM
19,FALSE,2021-01-01T23:11:50Z,LSTM
8,FALSE,2021-01-01T23:21:50Z,LSTM
20,FALSE,2021-01-01T22:31:50Z,Isolation Forest
25,FALSE,2021-01-01T22:41:50Z,Isolation Forest
14,FALSE,2021-01-01T22:51:50Z,Isolation Forest
11,FALSE,2021-01-01T23:01:50Z,Isolation Forest
19,FALSE,2021-01-01T23:11:50Z,Isolation Forest
8,FALSE,2021-01-01T23:21:50Z,Isolation Forest
20,FALSE,2021-01-01T22:31:50Z,GRU
25,TRUE,2021-01-01T22:41:50Z,GRU
14,FALSE,2021-01-01T22:51:50Z,GRU
11,FALSE,2021-01-01T23:01:50Z,GRU
19,FALSE,2021-01-01T23:11:50Z,GRU
8,FALSE,2021-01-01T23:21:50Z,GRU
20,FALSE,2021-01-01T22:31:50Z,DNN
25,FALSE,2021-01-01T22:41:50Z,DNN
14,FALSE,2021-01-01T22:51:50Z,DNN
11,FALSE,2021-01-01T23:01:50Z,DNN
19,FALSE,2021-01-01T23:11:50Z,DNN
8,TRUE,2021-01-01T23:21:50Z,DNN
14,TRUE,2021-01-01T23:32:08Z,LSTM
10,FALSE,2021-01-01T23:42:08Z,LSTM
6,FALSE,2021-01-01T23:52:08Z,LSTM
11,FALSE,2021-01-02T00:02:08Z,LSTM
6,FALSE,2021-01-02T00:12:08Z,LSTM
4,FALSE,2021-01-02T00:22:15Z,LSTM
14,TRUE,2021-01-01T23:32:08Z,GRU
10,FALSE,2021-01-01T23:42:08Z,GRU
6,FALSE,2021-01-01T23:52:08Z,GRU
11,FALSE,2021-01-02T00:02:08Z,GRU
6,FALSE,2021-01-02T00:12:08Z,GRU
4,FALSE,2021-01-02T00:22:15Z,GRU
14,FALSE,2021-01-01T23:32:08Z,DNN
10,FALSE,2021-01-01T23:42:08Z,DNN
6,FALSE,2021-01-01T23:52:08Z,DNN
11,FALSE,2021-01-02T00:02:08Z,DNN
6,FALSE,2021-01-02T00:12:08Z,DNN
4,TRUE,2021-01-02T00:22:15Z,DNN
14,FALSE,2021-01-01T23:32:08Z,Isolation Forest
10,FALSE,2021-01-01T23:42:08Z,Isolation Forest
6,FALSE,2021-01-01T23:52:08Z,Isolation Forest
11,FALSE,2021-01-02T00:02:08Z,Isolation Forest
6,FALSE,2021-01-02T00:12:08Z,Isolation Forest
4,FALSE,2021-01-02T00:22:15Z,Isolation Forest
4,FALSE,2021-01-02T00:32:25Z,LSTM
4,FALSE,2021-01-02T00:42:25Z,LSTM
4,FALSE,2021-01-02T00:52:25Z,LSTM
1,FALSE,2021-01-02T01:02:25Z,LSTM
1,FALSE,2021-01-02T01:12:25Z,LSTM
1,FALSE,2021-01-02T01:22:25Z,LSTM
4,FALSE,2021-01-02T00:32:25Z,GRU
4,FALSE,2021-01-02T00:42:25Z,GRU
4,FALSE,2021-01-02T00:52:25Z,GRU
1,FALSE,2021-01-02T01:02:25Z,GRU
1,FALSE,2021-01-02T01:12:25Z,GRU
1,FALSE,2021-01-02T01:22:25Z,GRU
4,FALSE,2021-01-02T00:32:25Z,DNN
4,FALSE,2021-01-02T00:42:25Z,DNN
4,FALSE,2021-01-02T00:52:25Z,DNN
1,FALSE,2021-01-02T01:02:25Z,DNN
1,FALSE,2021-01-02T01:12:25Z,DNN
1,FALSE,2021-01-02T01:22:25Z,DNN
4,FALSE,2021-01-02T00:32:25Z,Isolation Forest
4,FALSE,2021-01-02T00:42:25Z,Isolation Forest
4,FALSE,2021-01-02T00:52:25Z,Isolation Forest
1,FALSE,2021-01-02T01:02:25Z,Isolation Forest
1,FALSE,2021-01-02T01:12:25Z,Isolation Forest
1,FALSE,2021-01-02T01:22:25Z,Isolation Forest
4,FALSE,2021-01-02T01:32:36Z,LSTM
4,FALSE,2021-01-02T01:42:36Z,LSTM
4,FALSE,2021-01-02T01:52:36Z,LSTM
4,FALSE,2021-01-02T02:02:36Z,LSTM
4,FALSE,2021-01-02T02:12:36Z,LSTM
4,FALSE,2021-01-02T02:22:36Z,LSTM
4,FALSE,2021-01-02T01:32:36Z,GRU
4,FALSE,2021-01-02T01:42:36Z,GRU
4,FALSE,2021-01-02T01:52:36Z,GRU
4,FALSE,2021-01-02T02:02:36Z,GRU
4,FALSE,2021-01-02T02:12:36Z,GRU
4,FALSE,2021-01-02T02:22:36Z,GRU
4,FALSE,2021-01-02T01:32:36Z,DNN
4,FALSE,2021-01-02T01:42:36Z,DNN
4,FALSE,2021-01-02T01:52:36Z,DNN
4,FALSE,2021-01-02T02:02:36Z,DNN
4,FALSE,2021-01-02T02:12:36Z,DNN
4,FALSE,2021-01-02T02:22:36Z,DNN
4,FALSE,2021-01-02T01:32:36Z,Isolation Forest
4,FALSE,2021-01-02T01:42:36Z,Isolation Forest
4,FALSE,2021-01-02T01:52:36Z,Isolation Forest
4,FALSE,2021-01-02T02:02:36Z,Isolation Forest
4,FALSE,2021-01-02T02:12:36Z,Isolation Forest
4,FALSE,2021-01-02T02:22:36Z,Isolation Forest
4,TRUE,2021-01-02T02:32:46Z,LSTM
1,FALSE,2021-01-02T02:42:46Z,LSTM
1,FALSE,2021-01-02T02:52:46Z,LSTM
1,FALSE,2021-01-02T03:02:46Z,LSTM
1,FALSE,2021-01-02T03:12:46Z,LSTM
1,FALSE,2021-01-02T03:22:46Z,LSTM
4,TRUE,2021-01-02T02:32:46Z,GRU
1,FALSE,2021-01-02T02:42:46Z,GRU
1,FALSE,2021-01-02T02:52:46Z,GRU
1,FALSE,2021-01-02T03:02:46Z,GRU
1,FALSE,2021-01-02T03:12:46Z,GRU
1,FALSE,2021-01-02T03:22:46Z,GRU
4,TRUE,2021-01-02T02:32:46Z,DNN
1,FALSE,2021-01-02T02:42:46Z,DNN
1,FALSE,2021-01-02T02:52:46Z,DNN
1,FALSE,2021-01-02T03:02:46Z,DNN
1,FALSE,2021-01-02T03:12:46Z,DNN
1,FALSE,2021-01-02T03:22:46Z,DNN
4,FALSE,2021-01-02T02:32:46Z,Isolation Forest
1,FALSE,2021-01-02T02:42:46Z,Isolation Forest
1,FALSE,2021-01-02T02:52:46Z,Isolation Forest
1,FALSE,2021-01-02T03:02:46Z,Isolation Forest
1,FALSE,2021-01-02T03:12:46Z,Isolation Forest
1,FALSE,2021-01-02T03:22:46Z,Isolation Forest
1,FALSE,2021-01-02T03:32:56Z,LSTM
1,FALSE,2021-01-02T03:42:56Z,LSTM
1,FALSE,2021-01-02T03:52:56Z,LSTM
1,FALSE,2021-01-02T04:02:56Z,LSTM
1,FALSE,2021-01-02T04:12:56Z,LSTM
1,FALSE,2021-01-02T04:22:56Z,LSTM
1,FALSE,2021-01-02T03:32:56Z,GRU
1,FALSE,2021-01-02T03:42:56Z,GRU
1,FALSE,2021-01-02T03:52:56Z,GRU
1,FALSE,2021-01-02T04:02:56Z,GRU
1,FALSE,2021-01-02T04:12:56Z,GRU
1,FALSE,2021-01-02T04:22:56Z,GRU
1,FALSE,2021-01-02T03:32:56Z,DNN
1,FALSE,2021-01-02T03:42:56Z,DNN
1,FALSE,2021-01-02T03:52:56Z,DNN
1,FALSE,2021-01-02T04:02:56Z,DNN
1,FALSE,2021-01-02T04:12:56Z,DNN
1,FALSE,2021-01-02T04:22:56Z,DNN
1,FALSE,2021-01-02T03:32:56Z,Isolation Forest
1,FALSE,2021-01-02T03:42:56Z,Isolation Forest
1,FALSE,2021-01-02T03:52:56Z,Isolation Forest
1,FALSE,2021-01-02T04:02:56Z,Isolation Forest
1,FALSE,2021-01-02T04:12:56Z,Isolation Forest
1,FALSE,2021-01-02T04:22:56Z,Isolation Forest
2,TRUE,2021-01-02T04:33:08Z,LSTM
1,FALSE,2021-01-02T04:43:08Z,LSTM
1,FALSE,2021-01-02T04:53:08Z,LSTM
1,FALSE,2021-01-02T05:03:08Z,LSTM
1,FALSE,2021-01-02T05:13:08Z,LSTM
1,FALSE,2021-01-02T05:23:08Z,LSTM
2,TRUE,2021-01-02T04:33:08Z,GRU
1,FALSE,2021-01-02T04:43:08Z,GRU
1,FALSE,2021-01-02T04:53:08Z,GRU
1,FALSE,2021-01-02T05:03:08Z,GRU
1,FALSE,2021-01-02T05:13:08Z,GRU
1,FALSE,2021-01-02T05:23:08Z,GRU
2,TRUE,2021-01-02T04:33:08Z,DNN
1,FALSE,2021-01-02T04:43:08Z,DNN
1,FALSE,2021-01-02T04:53:08Z,DNN
1,FALSE,2021-01-02T05:03:08Z,DNN
1,FALSE,2021-01-02T05:13:08Z,DNN
1,FALSE,2021-01-02T05:23:08Z,DNN
2,FALSE,2021-01-02T04:33:08Z,Isolation Forest
1,FALSE,2021-01-02T04:43:08Z,Isolation Forest
1,FALSE,2021-01-02T04:53:08Z,Isolation Forest
1,FALSE,2021-01-02T05:03:08Z,Isolation Forest
1,FALSE,2021-01-02T05:13:08Z,Isolation Forest
1,FALSE,2021-01-02T05:23:08Z,Isolation Forest
1,FALSE,2021-01-02T05:33:18Z,LSTM
1,FALSE,2021-01-02T05:43:18Z,LSTM
1,FALSE,2021-01-02T05:53:18Z,LSTM
1,FALSE,2021-01-02T06:03:18Z,LSTM
1,FALSE,2021-01-02T06:13:18Z,LSTM
1,FALSE,2021-01-02T06:23:18Z,LSTM
1,FALSE,2021-01-02T05:33:18Z,GRU
1,FALSE,2021-01-02T05:43:18Z,GRU
1,FALSE,2021-01-02T05:53:18Z,GRU
1,FALSE,2021-01-02T06:03:18Z,GRU
1,FALSE,2021-01-02T06:13:18Z,GRU
1,FALSE,2021-01-02T06:23:18Z,GRU
1,FALSE,2021-01-02T05:33:18Z,DNN
1,FALSE,2021-01-02T05:43:18Z,DNN
1,FALSE,2021-01-02T05:53:18Z,DNN
1,FALSE,2021-01-02T06:03:18Z,DNN
1,FALSE,2021-01-02T06:13:18Z,DNN
1,FALSE,2021-01-02T06:23:18Z,DNN
1,FALSE,2021-01-02T05:33:18Z,Isolation Forest
1,FALSE,2021-01-02T05:43:18Z,Isolation Forest
1,FALSE,2021-01-02T05:53:18Z,Isolation Forest
1,FALSE,2021-01-02T06:03:18Z,Isolation Forest
1,FALSE,2021-01-02T06:13:18Z,Isolation Forest
1,FALSE,2021-01-02T06:23:18Z,Isolation Forest
1,FALSE,2021-01-02T06:33:28Z,LSTM
1,FALSE,2021-01-02T06:43:28Z,LSTM
13,TRUE,2021-01-02T06:53:28Z,LSTM
9,FALSE,2021-01-02T07:03:28Z,LSTM
1,FALSE,2021-01-02T07:13:28Z,LSTM
1,FALSE,2021-01-02T07:23:28Z,LSTM
1,FALSE,2021-01-02T06:33:28Z,GRU
1,FALSE,2021-01-02T06:43:28Z,GRU
13,TRUE,2021-01-02T06:53:28Z,GRU
9,FALSE,2021-01-02T07:03:28Z,GRU
1,FALSE,2021-01-02T07:13:28Z,GRU
1,FALSE,2021-01-02T07:23:28Z,GRU
1,FALSE,2021-01-02T06:33:28Z,DNN
1,FALSE,2021-01-02T06:43:28Z,DNN
13,TRUE,2021-01-02T06:53:28Z,DNN
9,FALSE,2021-01-02T07:03:28Z,DNN
1,FALSE,2021-01-02T07:13:28Z,DNN
1,FALSE,2021-01-02T07:23:28Z,DNN
1,FALSE,2021-01-02T06:33:28Z,Isolation Forest
1,FALSE,2021-01-02T06:43:28Z,Isolation Forest
13,FALSE,2021-01-02T06:53:28Z,Isolation Forest
9,FALSE,2021-01-02T07:03:28Z,Isolation Forest
1,FALSE,2021-01-02T07:13:28Z,Isolation Forest
1,FALSE,2021-01-02T07:23:28Z,Isolation Forest
1,TRUE,2021-01-02T07:33:39Z,LSTM
6,FALSE,2021-01-02T07:43:39Z,LSTM
6,FALSE,2021-01-02T07:53:39Z,LSTM
3,FALSE,2021-01-02T08:03:39Z,LSTM
7,FALSE,2021-01-02T08:13:39Z,LSTM
7,FALSE,2021-01-02T08:23:39Z,LSTM
1,FALSE,2021-01-02T07:33:39Z,Isolation Forest
6,FALSE,2021-01-02T07:43:39Z,Isolation Forest
6,FALSE,2021-01-02T07:53:39Z,Isolation Forest
3,FALSE,2021-01-02T08:03:39Z,Isolation Forest
7,FALSE,2021-01-02T08:13:39Z,Isolation Forest
7,FALSE,2021-01-02T08:23:39Z,Isolation Forest
1,TRUE,2021-01-02T07:33:39Z,GRU
6,FALSE,2021-01-02T07:43:39Z,GRU
6,FALSE,2021-01-02T07:53:39Z,GRU
3,FALSE,2021-01-02T08:03:39Z,GRU
7,FALSE,2021-01-02T08:13:39Z,GRU
7,FALSE,2021-01-02T08:23:39Z,GRU
1,TRUE,2021-01-02T07:33:39Z,DNN
6,FALSE,2021-01-02T07:43:39Z,DNN
6,FALSE,2021-01-02T07:53:39Z,DNN
3,FALSE,2021-01-02T08:03:39Z,DNN
7,FALSE,2021-01-02T08:13:39Z,DNN
7,FALSE,2021-01-02T08:23:39Z,DNN
1,TRUE,2021-01-02T08:33:59Z,DNN
3,FALSE,2021-01-02T08:43:59Z,DNN
4,FALSE,2021-01-02T08:53:59Z,DNN
3,FALSE,2021-01-02T09:03:59Z,DNN
4,FALSE,2021-01-02T09:13:59Z,DNN
8,FALSE,2021-01-02T09:23:59Z,DNN
1,FALSE,2021-01-02T08:33:59Z,Isolation Forest
3,FALSE,2021-01-02T08:43:59Z,Isolation Forest
4,FALSE,2021-01-02T08:53:59Z,Isolation Forest
3,FALSE,2021-01-02T09:03:59Z,Isolation Forest
4,FALSE,2021-01-02T09:13:59Z,Isolation Forest
8,FALSE,2021-01-02T09:23:59Z,Isolation Forest
1,FALSE,2021-01-02T08:33:59Z,GRU
3,FALSE,2021-01-02T08:43:59Z,GRU
4,FALSE,2021-01-02T08:53:59Z,GRU
3,FALSE,2021-01-02T09:03:59Z,GRU
4,FALSE,2021-01-02T09:13:59Z,GRU
8,TRUE,2021-01-02T09:23:59Z,GRU
1,FALSE,2021-01-02T08:33:59Z,LSTM
3,FALSE,2021-01-02T08:43:59Z,LSTM
4,FALSE,2021-01-02T08:53:59Z,LSTM
3,FALSE,2021-01-02T09:03:59Z,LSTM
4,FALSE,2021-01-02T09:13:59Z,LSTM
8,TRUE,2021-01-02T09:23:59Z,LSTM
5,FALSE,2021-01-02T09:34:19Z,DNN
3,FALSE,2021-01-02T09:44:19Z,DNN
1,FALSE,2021-01-02T09:54:18Z,DNN
1,FALSE,2021-01-02T10:04:18Z,DNN
4,FALSE,2021-01-02T10:14:18Z,DNN
6,FALSE,2021-01-02T10:24:18Z,DNN
5,FALSE,2021-01-02T09:34:19Z,Isolation Forest
3,FALSE,2021-01-02T09:44:19Z,Isolation Forest
1,FALSE,2021-01-02T09:54:18Z,Isolation Forest
1,FALSE,2021-01-02T10:04:18Z,Isolation Forest
4,FALSE,2021-01-02T10:14:18Z,Isolation Forest
6,FALSE,2021-01-02T10:24:18Z,Isolation Forest
5,FALSE,2021-01-02T09:34:19Z,GRU
3,FALSE,2021-01-02T09:44:19Z,GRU
1,FALSE,2021-01-02T09:54:18Z,GRU
1,FALSE,2021-01-02T10:04:18Z,GRU
4,FALSE,2021-01-02T10:14:18Z,GRU
6,TRUE,2021-01-02T10:24:18Z,GRU
1,FALSE,2021-01-02T10:34:39Z,LSTM
1,FALSE,2021-01-02T10:44:39Z,LSTM
3,TRUE,2021-01-02T10:54:39Z,LSTM
1,FALSE,2021-01-02T11:05:33Z,LSTM
1,FALSE,2021-01-02T11:15:24Z,LSTM
1,FALSE,2021-01-02T11:25:24Z,LSTM
1,FALSE,2021-01-02T10:34:39Z,DNN
1,FALSE,2021-01-02T10:44:39Z,DNN
3,TRUE,2021-01-02T10:54:39Z,DNN
1,FALSE,2021-01-02T11:05:33Z,DNN
1,FALSE,2021-01-02T11:15:24Z,DNN
1,FALSE,2021-01-02T11:25:24Z,DNN
1,FALSE,2021-01-02T10:34:39Z,Isolation Forest
1,FALSE,2021-01-02T10:44:39Z,Isolation Forest
3,FALSE,2021-01-02T10:54:39Z,Isolation Forest
1,FALSE,2021-01-02T11:05:33Z,Isolation Forest
1,FALSE,2021-01-02T11:15:24Z,Isolation Forest
1,FALSE,2021-01-02T11:25:24Z,Isolation Forest
1,FALSE,2021-01-02T10:34:39Z,GRU
1,FALSE,2021-01-02T10:44:39Z,GRU
3,TRUE,2021-01-02T10:54:39Z,GRU
1,FALSE,2021-01-02T11:05:33Z,GRU
1,FALSE,2021-01-02T11:15:24Z,GRU
1,FALSE,2021-01-02T11:25:24Z,GRU
7,FALSE,2021-01-02T11:35:38Z,LSTM
8,FALSE,2021-01-02T11:45:38Z,LSTM
1,FALSE,2021-01-02T11:55:38Z,LSTM
7,FALSE,2021-01-02T12:05:38Z,LSTM
1,FALSE,2021-01-02T12:15:38Z,LSTM
3,FALSE,2021-01-02T12:25:38Z,LSTM
7,FALSE,2021-01-02T11:35:38Z,GRU
8,TRUE,2021-01-02T11:45:38Z,GRU
1,FALSE,2021-01-02T11:55:38Z,GRU
7,FALSE,2021-01-02T12:05:38Z,GRU
1,FALSE,2021-01-02T12:15:38Z,GRU
3,FALSE,2021-01-02T12:25:38Z,GRU
7,FALSE,2021-01-02T11:35:38Z,DNN
8,FALSE,2021-01-02T11:45:38Z,DNN
1,FALSE,2021-01-02T11:55:38Z,DNN
7,FALSE,2021-01-02T12:05:38Z,DNN
1,FALSE,2021-01-02T12:15:38Z,DNN
3,FALSE,2021-01-02T12:25:38Z,DNN
7,FALSE,2021-01-02T11:35:38Z,Isolation Forest
8,FALSE,2021-01-02T11:45:38Z,Isolation Forest
1,FALSE,2021-01-02T11:55:38Z,Isolation Forest
7,FALSE,2021-01-02T12:05:38Z,Isolation Forest
1,FALSE,2021-01-02T12:15:38Z,Isolation Forest
3,FALSE,2021-01-02T12:25:38Z,Isolation Forest
4,FALSE,2021-01-02T12:35:57Z,LSTM
1,FALSE,2021-01-02T12:45:57Z,LSTM
1,FALSE,2021-01-02T12:55:57Z,LSTM
1,FALSE,2021-01-02T13:05:57Z,LSTM
3,FALSE,2021-01-02T13:15:57Z,LSTM
7,TRUE,2021-01-02T13:25:57Z,LSTM
4,FALSE,2021-01-02T12:35:57Z,DNN
1,FALSE,2021-01-02T12:45:57Z,DNN
1,FALSE,2021-01-02T12:55:57Z,DNN
1,FALSE,2021-01-02T13:05:57Z,DNN
3,FALSE,2021-01-02T13:15:57Z,DNN
7,TRUE,2021-01-02T13:25:57Z,DNN
4,FALSE,2021-01-02T12:35:57Z,GRU
1,FALSE,2021-01-02T12:45:57Z,GRU
1,FALSE,2021-01-02T12:55:57Z,GRU
1,FALSE,2021-01-02T13:05:57Z,GRU
3,FALSE,2021-01-02T13:15:57Z,GRU
7,TRUE,2021-01-02T13:25:57Z,GRU
4,FALSE,2021-01-02T12:35:57Z,Isolation Forest
1,FALSE,2021-01-02T12:45:57Z,Isolation Forest
1,FALSE,2021-01-02T12:55:57Z,Isolation Forest
1,FALSE,2021-01-02T13:05:57Z,Isolation Forest
3,FALSE,2021-01-02T13:15:57Z,Isolation Forest
7,FALSE,2021-01-02T13:25:57Z,Isolation Forest
4,FALSE,2021-01-02T13:36:17Z,LSTM
1,TRUE,2021-01-02T13:46:17Z,LSTM
4,FALSE,2021-01-02T13:56:17Z,LSTM
5,FALSE,2021-01-02T14:06:17Z,LSTM
6,FALSE,2021-01-02T14:16:17Z,LSTM
3,FALSE,2021-01-02T14:26:17Z,LSTM
4,FALSE,2021-01-02T13:36:17Z,GRU
1,TRUE,2021-01-02T13:46:17Z,GRU
4,FALSE,2021-01-02T13:56:17Z,GRU
5,FALSE,2021-01-02T14:06:17Z,GRU
6,FALSE,2021-01-02T14:16:17Z,GRU
3,FALSE,2021-01-02T14:26:17Z,GRU
4,FALSE,2021-01-02T13:36:17Z,DNN
1,TRUE,2021-01-02T13:46:17Z,DNN
4,FALSE,2021-01-02T13:56:17Z,DNN
5,FALSE,2021-01-02T14:06:17Z,DNN
6,FALSE,2021-01-02T14:16:17Z,DNN
3,FALSE,2021-01-02T14:26:17Z,DNN
4,FALSE,2021-01-02T13:36:17Z,Isolation Forest
1,FALSE,2021-01-02T13:46:17Z,Isolation Forest
4,FALSE,2021-01-02T13:56:17Z,Isolation Forest
5,FALSE,2021-01-02T14:06:17Z,Isolation Forest
6,FALSE,2021-01-02T14:16:17Z,Isolation Forest
3,FALSE,2021-01-02T14:26:17Z,Isolation Forest
4,FALSE,2021-01-02T14:36:33Z,LSTM
9,TRUE,2021-01-02T14:46:41Z,LSTM
7,FALSE,2021-01-02T14:56:41Z,LSTM
6,FALSE,2021-01-02T15:06:41Z,LSTM
7,FALSE,2021-01-02T15:16:41Z,LSTM
4,FALSE,2021-01-02T15:26:41Z,LSTM
4,FALSE,2021-01-02T14:36:33Z,GRU
9,TRUE,2021-01-02T14:46:41Z,GRU
7,FALSE,2021-01-02T14:56:41Z,GRU
6,FALSE,2021-01-02T15:06:41Z,GRU
7,FALSE,2021-01-02T15:16:41Z,GRU
4,FALSE,2021-01-02T15:26:41Z,GRU
4,FALSE,2021-01-02T14:36:33Z,DNN
9,FALSE,2021-01-02T14:46:41Z,DNN
7,FALSE,2021-01-02T14:56:41Z,DNN
6,FALSE,2021-01-02T15:06:41Z,DNN
7,FALSE,2021-01-02T15:16:41Z,DNN
4,FALSE,2021-01-02T15:26:41Z,DNN
4,FALSE,2021-01-02T14:36:33Z,Isolation Forest
9,FALSE,2021-01-02T14:46:41Z,Isolation Forest
7,FALSE,2021-01-02T14:56:41Z,Isolation Forest
6,FALSE,2021-01-02T15:06:41Z,Isolation Forest
7,FALSE,2021-01-02T15:16:41Z,Isolation Forest
4,FALSE,2021-01-02T15:26:41Z,Isolation Forest
4,FALSE,2021-01-02T15:37:01Z,LSTM
6,FALSE,2021-01-02T15:47:01Z,LSTM
15,FALSE,2021-01-02T15:57:01Z,LSTM
14,FALSE,2021-01-02T16:07:01Z,LSTM
28,TRUE,2021-01-02T16:17:01Z,LSTM
7,FALSE,2021-01-02T16:27:01Z,LSTM
4,FALSE,2021-01-02T15:37:01Z,GRU
6,FALSE,2021-01-02T15:47:01Z,GRU
15,FALSE,2021-01-02T15:57:01Z,GRU
14,FALSE,2021-01-02T16:07:01Z,GRU
28,TRUE,2021-01-02T16:17:01Z,GRU
7,FALSE,2021-01-02T16:27:01Z,GRU
4,TRUE,2021-01-02T15:37:01Z,DNN
6,FALSE,2021-01-02T15:47:01Z,DNN
15,FALSE,2021-01-02T15:57:01Z,DNN
14,FALSE,2021-01-02T16:07:01Z,DNN
28,FALSE,2021-01-02T16:17:01Z,DNN
7,FALSE,2021-01-02T16:27:01Z,DNN
4,FALSE,2021-01-02T15:37:01Z,Isolation Forest
6,FALSE,2021-01-02T15:47:01Z,Isolation Forest
15,FALSE,2021-01-02T15:57:01Z,Isolation Forest
14,FALSE,2021-01-02T16:07:01Z,Isolation Forest
28,FALSE,2021-01-02T16:17:01Z,Isolation Forest
7,FALSE,2021-01-02T16:27:01Z,Isolation Forest
4,TRUE,2021-01-02T16:37:18Z,LSTM
16,FALSE,2021-01-02T16:47:18Z,LSTM
13,FALSE,2021-01-02T16:57:18Z,LSTM
14,FALSE,2021-01-02T17:07:18Z,LSTM
12,FALSE,2021-01-02T17:17:18Z,LSTM
13,FALSE,2021-01-02T17:27:18Z,LSTM
4,FALSE,2021-01-02T16:37:18Z,Isolation Forest
16,FALSE,2021-01-02T16:47:18Z,Isolation Forest
13,FALSE,2021-01-02T16:57:18Z,Isolation Forest
14,FALSE,2021-01-02T17:07:18Z,Isolation Forest
12,FALSE,2021-01-02T17:17:18Z,Isolation Forest
13,FALSE,2021-01-02T17:27:18Z,Isolation Forest
4,TRUE,2021-01-02T16:37:18Z,GRU
16,FALSE,2021-01-02T16:47:18Z,GRU
13,FALSE,2021-01-02T16:57:18Z,GRU
14,FALSE,2021-01-02T17:07:18Z,GRU
12,FALSE,2021-01-02T17:17:18Z,GRU
13,FALSE,2021-01-02T17:27:18Z,GRU
4,TRUE,2021-01-02T16:37:18Z,DNN
16,FALSE,2021-01-02T16:47:18Z,DNN
13,FALSE,2021-01-02T16:57:18Z,DNN
14,FALSE,2021-01-02T17:07:18Z,DNN
12,FALSE,2021-01-02T17:17:18Z,DNN
13,FALSE,2021-01-02T17:27:18Z,DNN
11,FALSE,2021-01-02T17:37:37Z,DNN
10,FALSE,2021-01-02T17:47:37Z,DNN
9,FALSE,2021-01-02T17:57:37Z,DNN
13,FALSE,2021-01-02T18:07:36Z,DNN
65,TRUE,2021-01-02T18:17:36Z,DNN
7,FALSE,2021-01-02T18:27:36Z,DNN
11,FALSE,2021-01-02T17:37:37Z,Isolation Forest
10,FALSE,2021-01-02T17:47:37Z,Isolation Forest
9,FALSE,2021-01-02T17:57:37Z,Isolation Forest
13,FALSE,2021-01-02T18:07:36Z,Isolation Forest
65,FALSE,2021-01-02T18:17:36Z,Isolation Forest
7,FALSE,2021-01-02T18:27:36Z,Isolation Forest
11,FALSE,2021-01-02T17:37:37Z,GRU
10,FALSE,2021-01-02T17:47:37Z,GRU
9,FALSE,2021-01-02T17:57:37Z,GRU
13,FALSE,2021-01-02T18:07:36Z,GRU
65,TRUE,2021-01-02T18:17:36Z,GRU
7,FALSE,2021-01-02T18:27:36Z,GRU
6,FALSE,2021-01-02T18:37:57Z,LSTM
8,FALSE,2021-01-02T18:47:57Z,LSTM
8,FALSE,2021-01-02T18:57:57Z,LSTM
7,FALSE,2021-01-02T19:07:57Z,LSTM
11,FALSE,2021-01-02T19:17:57Z,LSTM
14,TRUE,2021-01-02T19:27:57Z,LSTM
6,FALSE,2021-01-02T18:37:57Z,GRU
8,FALSE,2021-01-02T18:47:57Z,GRU
8,FALSE,2021-01-02T18:57:57Z,GRU
7,FALSE,2021-01-02T19:07:57Z,GRU
11,FALSE,2021-01-02T19:17:57Z,GRU
14,TRUE,2021-01-02T19:27:57Z,GRU
6,TRUE,2021-01-02T18:37:57Z,DNN
8,FALSE,2021-01-02T18:47:57Z,DNN
8,FALSE,2021-01-02T18:57:57Z,DNN
7,FALSE,2021-01-02T19:07:57Z,DNN
11,FALSE,2021-01-02T19:17:57Z,DNN
14,FALSE,2021-01-02T19:27:57Z,DNN
6,FALSE,2021-01-02T18:37:57Z,Isolation Forest
8,FALSE,2021-01-02T18:47:57Z,Isolation Forest
8,FALSE,2021-01-02T18:57:57Z,Isolation Forest
7,FALSE,2021-01-02T19:07:57Z,Isolation Forest
11,FALSE,2021-01-02T19:17:57Z,Isolation Forest
14,FALSE,2021-01-02T19:27:57Z,Isolation Forest
14,FALSE,2021-01-02T19:38:09Z,GRU
12,FALSE,2021-01-02T19:48:09Z,GRU
13,FALSE,2021-01-02T19:58:09Z,GRU
10,FALSE,2021-01-02T20:07:36Z,GRU
48,TRUE,2021-01-02T20:17:36Z,GRU
7,FALSE,2021-01-02T20:27:36Z,GRU
14,FALSE,2021-01-02T19:38:09Z,DNN
12,FALSE,2021-01-02T19:48:09Z,DNN
13,FALSE,2021-01-02T19:58:09Z,DNN
10,FALSE,2021-01-02T20:07:36Z,DNN
48,TRUE,2021-01-02T20:17:36Z,DNN
7,FALSE,2021-01-02T20:27:36Z,DNN
14,FALSE,2021-01-02T19:38:09Z,LSTM
12,FALSE,2021-01-02T19:48:09Z,LSTM
13,FALSE,2021-01-02T19:58:09Z,LSTM
10,FALSE,2021-01-02T20:07:36Z,LSTM
48,TRUE,2021-01-02T20:17:36Z,LSTM
7,FALSE,2021-01-02T20:27:36Z,LSTM
14,FALSE,2021-01-02T19:38:09Z,Isolation Forest
12,FALSE,2021-01-02T19:48:09Z,Isolation Forest
13,FALSE,2021-01-02T19:58:09Z,Isolation Forest
10,FALSE,2021-01-02T20:07:36Z,Isolation Forest
48,FALSE,2021-01-02T20:17:36Z,Isolation Forest
7,FALSE,2021-01-02T20:27:36Z,Isolation Forest
6,FALSE,2021-01-02T20:37:52Z,LSTM
6,FALSE,2021-01-02T20:47:52Z,LSTM
12,TRUE,2021-01-02T20:57:52Z,LSTM
11,FALSE,2021-01-02T21:07:52Z,LSTM
8,FALSE,2021-01-02T21:17:52Z,LSTM
10,FALSE,2021-01-02T21:27:52Z,LSTM
6,FALSE,2021-01-02T20:37:52Z,GRU
6,FALSE,2021-01-02T20:47:52Z,GRU
12,TRUE,2021-01-02T20:57:52Z,GRU
11,FALSE,2021-01-02T21:07:52Z,GRU
8,FALSE,2021-01-02T21:17:52Z,GRU
10,FALSE,2021-01-02T21:27:52Z,GRU
6,FALSE,2021-01-02T20:37:52Z,DNN
6,FALSE,2021-01-02T20:47:52Z,DNN
12,FALSE,2021-01-02T20:57:52Z,DNN
11,FALSE,2021-01-02T21:07:52Z,DNN
8,FALSE,2021-01-02T21:17:52Z,DNN
10,FALSE,2021-01-02T21:27:52Z,DNN
6,FALSE,2021-01-02T20:37:52Z,Isolation Forest
6,FALSE,2021-01-02T20:47:52Z,Isolation Forest
12,FALSE,2021-01-02T20:57:52Z,Isolation Forest
11,FALSE,2021-01-02T21:07:52Z,Isolation Forest
8,FALSE,2021-01-02T21:17:52Z,Isolation Forest
10,FALSE,2021-01-02T21:27:52Z,Isolation Forest
8,FALSE,2021-01-02T21:38:04Z,LSTM
8,FALSE,2021-01-02T21:48:04Z,LSTM
4,FALSE,2021-01-02T21:58:04Z,LSTM
4,FALSE,2021-01-02T22:08:04Z,LSTM
4,FALSE,2021-01-02T22:18:04Z,LSTM
4,FALSE,2021-01-02T22:28:04Z,LSTM
8,FALSE,2021-01-02T21:38:04Z,GRU
8,FALSE,2021-01-02T21:48:04Z,GRU
4,FALSE,2021-01-02T21:58:04Z,GRU
4,FALSE,2021-01-02T22:08:04Z,GRU
4,FALSE,2021-01-02T22:18:04Z,GRU
4,FALSE,2021-01-02T22:28:04Z,GRU
8,FALSE,2021-01-02T21:38:04Z,DNN
8,FALSE,2021-01-02T21:48:04Z,DNN
4,FALSE,2021-01-02T21:58:04Z,DNN
4,FALSE,2021-01-02T22:08:04Z,DNN
4,FALSE,2021-01-02T22:18:04Z,DNN
4,FALSE,2021-01-02T22:28:04Z,DNN
8,FALSE,2021-01-02T21:38:04Z,Isolation Forest
8,FALSE,2021-01-02T21:48:04Z,Isolation Forest
4,FALSE,2021-01-02T21:58:04Z,Isolation Forest
4,FALSE,2021-01-02T22:08:04Z,Isolation Forest
4,FALSE,2021-01-02T22:18:04Z,Isolation Forest
4,FALSE,2021-01-02T22:28:04Z,Isolation Forest
4,FALSE,2021-01-02T22:38:21Z,LSTM
4,FALSE,2021-01-02T22:48:21Z,LSTM
4,FALSE,2021-01-02T22:58:21Z,LSTM
4,FALSE,2021-01-02T23:08:21Z,LSTM
4,FALSE,2021-01-02T23:18:21Z,LSTM
4,FALSE,2021-01-02T23:28:21Z,LSTM
4,FALSE,2021-01-02T22:38:21Z,GRU
4,FALSE,2021-01-02T22:48:21Z,GRU
4,FALSE,2021-01-02T22:58:21Z,GRU
4,FALSE,2021-01-02T23:08:21Z,GRU
4,FALSE,2021-01-02T23:18:21Z,GRU
4,FALSE,2021-01-02T23:28:21Z,GRU
4,FALSE,2021-01-02T22:38:21Z,DNN
4,FALSE,2021-01-02T22:48:21Z,DNN
4,FALSE,2021-01-02T22:58:21Z,DNN
4,FALSE,2021-01-02T23:08:21Z,DNN
4,FALSE,2021-01-02T23:18:21Z,DNN
4,FALSE,2021-01-02T23:28:21Z,DNN
4,FALSE,2021-01-02T22:38:21Z,Isolation Forest
4,FALSE,2021-01-02T22:48:21Z,Isolation Forest
4,FALSE,2021-01-02T22:58:21Z,Isolation Forest
4,FALSE,2021-01-02T23:08:21Z,Isolation Forest
4,FALSE,2021-01-02T23:18:21Z,Isolation Forest
4,FALSE,2021-01-02T23:28:21Z,Isolation Forest
6,TRUE,2021-01-02T23:38:42Z,LSTM
4,FALSE,2021-01-02T23:48:42Z,LSTM
4,FALSE,2021-01-02T23:58:42Z,LSTM
4,FALSE,2021-01-03T00:08:42Z,LSTM
4,FALSE,2021-01-03T00:18:42Z,LSTM
4,FALSE,2021-01-03T00:28:42Z,LSTM
6,TRUE,2021-01-02T23:38:42Z,GRU
4,FALSE,2021-01-02T23:48:42Z,GRU
4,FALSE,2021-01-02T23:58:42Z,GRU
4,FALSE,2021-01-03T00:08:42Z,GRU
4,FALSE,2021-01-03T00:18:42Z,GRU
4,FALSE,2021-01-03T00:28:42Z,GRU
6,FALSE,2021-01-02T23:38:42Z,Isolation Forest
4,FALSE,2021-01-02T23:48:42Z,Isolation Forest
4,FALSE,2021-01-02T23:58:42Z,Isolation Forest
4,FALSE,2021-01-03T00:08:42Z,Isolation Forest
4,FALSE,2021-01-03T00:18:42Z,Isolation Forest
4,FALSE,2021-01-03T00:28:42Z,Isolation Forest
4,FALSE,2021-01-03T00:38:59Z,LSTM
4,FALSE,2021-01-03T00:48:59Z,LSTM
4,FALSE,2021-01-03T00:58:59Z,LSTM
3,TRUE,2021-01-03T01:08:59Z,LSTM
4,FALSE,2021-01-03T01:18:59Z,LSTM
4,FALSE,2021-01-03T01:28:59Z,LSTM
4,FALSE,2021-01-03T00:38:59Z,GRU
4,FALSE,2021-01-03T00:48:59Z,GRU
4,FALSE,2021-01-03T00:58:59Z,GRU
3,TRUE,2021-01-03T01:08:59Z,GRU
4,FALSE,2021-01-03T01:18:59Z,GRU
4,FALSE,2021-01-03T01:28:59Z,GRU
4,FALSE,2021-01-03T00:38:59Z,DNN
4,FALSE,2021-01-03T00:48:59Z,DNN
4,FALSE,2021-01-03T00:58:59Z,DNN
3,TRUE,2021-01-03T01:08:59Z,DNN
4,FALSE,2021-01-03T01:18:59Z,DNN
4,FALSE,2021-01-03T01:28:59Z,DNN
4,FALSE,2021-01-03T00:38:59Z,Isolation Forest
4,FALSE,2021-01-03T00:48:59Z,Isolation Forest
4,FALSE,2021-01-03T00:58:59Z,Isolation Forest
3,FALSE,2021-01-03T01:08:59Z,Isolation Forest
4,FALSE,2021-01-03T01:18:59Z,Isolation Forest
4,FALSE,2021-01-03T01:28:59Z,Isolation Forest
4,FALSE,2021-01-03T01:39:16Z,LSTM
6,FALSE,2021-01-03T01:49:16Z,LSTM
4,FALSE,2021-01-03T01:59:16Z,LSTM
4,FALSE,2021-01-03T02:09:16Z,LSTM
4,FALSE,2021-01-03T02:19:48Z,LSTM
2,TRUE,2021-01-03T02:29:48Z,LSTM
4,FALSE,2021-01-03T01:39:16Z,GRU
6,FALSE,2021-01-03T01:49:16Z,GRU
4,FALSE,2021-01-03T01:59:16Z,GRU
4,FALSE,2021-01-03T02:09:16Z,GRU
4,FALSE,2021-01-03T02:19:48Z,GRU
2,TRUE,2021-01-03T02:29:48Z,GRU
4,FALSE,2021-01-03T01:39:16Z,Isolation Forest
6,FALSE,2021-01-03T01:49:16Z,Isolation Forest
4,FALSE,2021-01-03T01:59:16Z,Isolation Forest
4,FALSE,2021-01-03T02:09:16Z,Isolation Forest
4,FALSE,2021-01-03T02:19:48Z,Isolation Forest
2,FALSE,2021-01-03T02:29:48Z,Isolation Forest
4,FALSE,2021-01-03T01:39:16Z,DNN
6,FALSE,2021-01-03T01:49:16Z,DNN
4,FALSE,2021-01-03T01:59:16Z,DNN
4,FALSE,2021-01-03T02:09:16Z,DNN
4,FALSE,2021-01-03T02:19:48Z,DNN
2,TRUE,2021-01-03T02:29:48Z,DNN
3,FALSE,2021-01-03T02:40:06Z,LSTM
1,FALSE,2021-01-03T02:50:06Z,LSTM
1,FALSE,2021-01-03T03:00:06Z,LSTM
1,FALSE,2021-01-03T03:10:06Z,LSTM
3,FALSE,2021-01-03T03:20:06Z,LSTM
1,FALSE,2021-01-03T03:30:06Z,LSTM
3,FALSE,2021-01-03T02:40:06Z,Isolation Forest
1,FALSE,2021-01-03T02:50:06Z,Isolation Forest
1,FALSE,2021-01-03T03:00:06Z,Isolation Forest
1,FALSE,2021-01-03T03:10:06Z,Isolation Forest
3,FALSE,2021-01-03T03:20:06Z,Isolation Forest
1,FALSE,2021-01-03T03:30:06Z,Isolation Forest
3,FALSE,2021-01-03T02:40:06Z,DNN
1,FALSE,2021-01-03T02:50:06Z,DNN
1,FALSE,2021-01-03T03:00:06Z,DNN
1,FALSE,2021-01-03T03:10:06Z,DNN
3,FALSE,2021-01-03T03:20:06Z,DNN
1,FALSE,2021-01-03T03:30:06Z,DNN
3,FALSE,2021-01-03T02:40:06Z,GRU
1,FALSE,2021-01-03T02:50:06Z,GRU
1,FALSE,2021-01-03T03:00:06Z,GRU
1,FALSE,2021-01-03T03:10:06Z,GRU
3,FALSE,2021-01-03T03:20:06Z,GRU
1,FALSE,2021-01-03T03:30:06Z,GRU
1,FALSE,2021-01-03T03:40:24Z,LSTM
1,FALSE,2021-01-03T03:50:24Z,LSTM
1,FALSE,2021-01-03T04:00:24Z,LSTM
1,FALSE,2021-01-03T04:10:24Z,LSTM
1,FALSE,2021-01-03T04:20:24Z,LSTM
1,FALSE,2021-01-03T04:30:24Z,LSTM
1,FALSE,2021-01-03T03:40:24Z,Isolation Forest
1,FALSE,2021-01-03T03:50:24Z,Isolation Forest
1,FALSE,2021-01-03T04:00:24Z,Isolation Forest
1,FALSE,2021-01-03T04:10:24Z,Isolation Forest
1,FALSE,2021-01-03T04:20:24Z,Isolation Forest
1,FALSE,2021-01-03T04:30:24Z,Isolation Forest
1,FALSE,2021-01-03T03:40:24Z,DNN
1,FALSE,2021-01-03T03:50:24Z,DNN
1,FALSE,2021-01-03T04:00:24Z,DNN
1,FALSE,2021-01-03T04:10:24Z,DNN
1,FALSE,2021-01-03T04:20:24Z,DNN
1,FALSE,2021-01-03T04:30:24Z,DNN
1,FALSE,2021-01-03T03:40:24Z,GRU
1,FALSE,2021-01-03T03:50:24Z,GRU
1,FALSE,2021-01-03T04:00:24Z,GRU
1,FALSE,2021-01-03T04:10:24Z,GRU
1,FALSE,2021-01-03T04:20:24Z,GRU
1,FALSE,2021-01-03T04:30:24Z,GRU
1,FALSE,2021-01-03T04:40:44Z,DNN
1,FALSE,2021-01-03T04:50:44Z,DNN
1,FALSE,2021-01-03T05:00:44Z,DNN
1,FALSE,2021-01-03T05:10:44Z,DNN
1,FALSE,2021-01-03T05:20:44Z,DNN
1,FALSE,2021-01-03T05:30:44Z,DNN
1,FALSE,2021-01-03T04:40:44Z,LSTM
1,FALSE,2021-01-03T04:50:44Z,LSTM
1,FALSE,2021-01-03T05:00:44Z,LSTM
1,FALSE,2021-01-03T05:10:44Z,LSTM
1,FALSE,2021-01-03T05:20:44Z,LSTM
1,FALSE,2021-01-03T05:30:44Z,LSTM
1,FALSE,2021-01-03T04:40:44Z,GRU
1,FALSE,2021-01-03T04:50:44Z,GRU
1,FALSE,2021-01-03T05:00:44Z,GRU
1,FALSE,2021-01-03T05:10:44Z,GRU
1,FALSE,2021-01-03T05:20:44Z,GRU
1,FALSE,2021-01-03T05:30:44Z,GRU
1,FALSE,2021-01-03T05:41:04Z,LSTM
1,FALSE,2021-01-03T05:51:04Z,LSTM
1,FALSE,2021-01-03T06:01:04Z,LSTM
1,FALSE,2021-01-03T06:11:04Z,LSTM
1,FALSE,2021-01-03T06:21:04Z,LSTM
1,FALSE,2021-01-03T06:31:05Z,LSTM
1,FALSE,2021-01-03T05:41:04Z,GRU
1,FALSE,2021-01-03T05:51:04Z,GRU
1,FALSE,2021-01-03T06:01:04Z,GRU
1,FALSE,2021-01-03T06:11:04Z,GRU
1,FALSE,2021-01-03T06:21:04Z,GRU
1,FALSE,2021-01-03T06:31:05Z,GRU
1,FALSE,2021-01-03T05:41:04Z,DNN
1,FALSE,2021-01-03T05:51:04Z,DNN
1,FALSE,2021-01-03T06:01:04Z,DNN
1,FALSE,2021-01-03T06:11:04Z,DNN
1,FALSE,2021-01-03T06:21:04Z,DNN
1,FALSE,2021-01-03T06:31:05Z,DNN
1,FALSE,2021-01-03T05:41:04Z,Isolation Forest
1,FALSE,2021-01-03T05:51:04Z,Isolation Forest
1,FALSE,2021-01-03T06:01:04Z,Isolation Forest
1,FALSE,2021-01-03T06:11:04Z,Isolation Forest
1,FALSE,2021-01-03T06:21:04Z,Isolation Forest
1,FALSE,2021-01-03T06:31:05Z,Isolation Forest
4,FALSE,2021-01-03T06:41:17Z,LSTM
3,FALSE,2021-01-03T06:51:17Z,LSTM
3,FALSE,2021-01-03T07:01:17Z,LSTM
1,FALSE,2021-01-03T07:11:17Z,LSTM
1,FALSE,2021-01-03T07:21:17Z,LSTM
3,FALSE,2021-01-03T07:31:17Z,LSTM
4,FALSE,2021-01-03T06:41:17Z,GRU
3,FALSE,2021-01-03T06:51:17Z,GRU
3,FALSE,2021-01-03T07:01:17Z,GRU
1,FALSE,2021-01-03T07:11:17Z,GRU
1,FALSE,2021-01-03T07:21:17Z,GRU
3,FALSE,2021-01-03T07:31:17Z,GRU
4,FALSE,2021-01-03T06:41:17Z,DNN
3,FALSE,2021-01-03T06:51:17Z,DNN
3,FALSE,2021-01-03T07:01:17Z,DNN
1,FALSE,2021-01-03T07:11:17Z,DNN
1,FALSE,2021-01-03T07:21:17Z,DNN
3,FALSE,2021-01-03T07:31:17Z,DNN
4,FALSE,2021-01-03T06:41:17Z,Isolation Forest
3,FALSE,2021-01-03T06:51:17Z,Isolation Forest
3,FALSE,2021-01-03T07:01:17Z,Isolation Forest
1,FALSE,2021-01-03T07:11:17Z,Isolation Forest
1,FALSE,2021-01-03T07:21:17Z,Isolation Forest
3,FALSE,2021-01-03T07:31:17Z,Isolation Forest
4,FALSE,2021-01-03T07:41:30Z,LSTM
4,FALSE,2021-01-03T07:51:30Z,LSTM
8,TRUE,2021-01-03T08:01:30Z,LSTM
4,FALSE,2021-01-03T08:11:30Z,LSTM
4,FALSE,2021-01-03T08:21:30Z,LSTM
4,FALSE,2021-01-03T08:32:38Z,LSTM
4,FALSE,2021-01-03T07:41:30Z,GRU
4,FALSE,2021-01-03T07:51:30Z,GRU
8,TRUE,2021-01-03T08:01:30Z,GRU
4,FALSE,2021-01-03T08:11:30Z,GRU
4,FALSE,2021-01-03T08:21:30Z,GRU
4,FALSE,2021-01-03T08:32:38Z,GRU
4,FALSE,2021-01-03T07:41:30Z,DNN
4,FALSE,2021-01-03T07:51:30Z,DNN
8,TRUE,2021-01-03T08:01:30Z,DNN
4,FALSE,2021-01-03T08:11:30Z,DNN
4,FALSE,2021-01-03T08:21:30Z,DNN
4,FALSE,2021-01-03T08:32:38Z,DNN
4,FALSE,2021-01-03T07:41:30Z,Isolation Forest
4,FALSE,2021-01-03T07:51:30Z,Isolation Forest
8,FALSE,2021-01-03T08:01:30Z,Isolation Forest
4,FALSE,2021-01-03T08:11:30Z,Isolation Forest
4,FALSE,2021-01-03T08:21:30Z,Isolation Forest
4,FALSE,2021-01-03T08:32:38Z,Isolation Forest
4,FALSE,2021-01-03T08:42:52Z,LSTM
4,FALSE,2021-01-03T08:52:52Z,LSTM
6,FALSE,2021-01-03T09:02:52Z,LSTM
6,FALSE,2021-01-03T09:12:52Z,LSTM
14,TRUE,2021-01-03T09:22:52Z,LSTM
10,FALSE,2021-01-03T09:32:52Z,LSTM
4,FALSE,2021-01-03T08:42:52Z,GRU
4,FALSE,2021-01-03T08:52:52Z,GRU
6,FALSE,2021-01-03T09:02:52Z,GRU
6,FALSE,2021-01-03T09:12:52Z,GRU
14,TRUE,2021-01-03T09:22:52Z,GRU
10,FALSE,2021-01-03T09:32:52Z,GRU
4,FALSE,2021-01-03T08:42:52Z,DNN
4,FALSE,2021-01-03T08:52:52Z,DNN
6,FALSE,2021-01-03T09:02:52Z,DNN
6,FALSE,2021-01-03T09:12:52Z,DNN
14,FALSE,2021-01-03T09:22:52Z,DNN
10,FALSE,2021-01-03T09:32:52Z,DNN
4,FALSE,2021-01-03T08:42:52Z,Isolation Forest
4,FALSE,2021-01-03T08:52:52Z,Isolation Forest
6,FALSE,2021-01-03T09:02:52Z,Isolation Forest
6,FALSE,2021-01-03T09:12:52Z,Isolation Forest
14,FALSE,2021-01-03T09:22:52Z,Isolation Forest
10,FALSE,2021-01-03T09:32:52Z,Isolation Forest
1,FALSE,2021-01-03T09:43:11Z,LSTM
4,FALSE,2021-01-03T09:53:11Z,LSTM
1,FALSE,2021-01-03T10:03:11Z,LSTM
38,TRUE,2021-01-03T10:13:11Z,LSTM
4,FALSE,2021-01-03T10:23:11Z,LSTM
1,FALSE,2021-01-03T10:33:11Z,LSTM
1,FALSE,2021-01-03T09:43:11Z,GRU
4,FALSE,2021-01-03T09:53:11Z,GRU
1,FALSE,2021-01-03T10:03:11Z,GRU
38,TRUE,2021-01-03T10:13:11Z,GRU
4,FALSE,2021-01-03T10:23:11Z,GRU
1,FALSE,2021-01-03T10:33:11Z,GRU
1,FALSE,2021-01-03T09:43:11Z,DNN
4,FALSE,2021-01-03T09:53:11Z,DNN
1,FALSE,2021-01-03T10:03:11Z,DNN
38,TRUE,2021-01-03T10:13:11Z,DNN
4,FALSE,2021-01-03T10:23:11Z,DNN
1,FALSE,2021-01-03T10:33:11Z,DNN
1,FALSE,2021-01-03T09:43:11Z,Isolation Forest
4,FALSE,2021-01-03T09:53:11Z,Isolation Forest
1,FALSE,2021-01-03T10:03:11Z,Isolation Forest
38,FALSE,2021-01-03T10:13:11Z,Isolation Forest
4,FALSE,2021-01-03T10:23:11Z,Isolation Forest
1,FALSE,2021-01-03T10:33:11Z,Isolation Forest
1,FALSE,2021-01-03T10:43:25Z,LSTM
7,TRUE,2021-01-03T10:53:25Z,LSTM
3,FALSE,2021-01-03T11:03:25Z,LSTM
3,FALSE,2021-01-03T11:13:25Z,LSTM
4,FALSE,2021-01-03T11:23:25Z,LSTM
1,FALSE,2021-01-03T11:33:25Z,LSTM
1,FALSE,2021-01-03T10:43:25Z,DNN
7,FALSE,2021-01-03T10:53:25Z,DNN
3,FALSE,2021-01-03T11:03:25Z,DNN
3,FALSE,2021-01-03T11:13:25Z,DNN
4,FALSE,2021-01-03T11:23:25Z,DNN
1,FALSE,2021-01-03T11:33:25Z,DNN
1,FALSE,2021-01-03T10:43:25Z,GRU
7,TRUE,2021-01-03T10:53:25Z,GRU
3,FALSE,2021-01-03T11:03:25Z,GRU
3,FALSE,2021-01-03T11:13:25Z,GRU
4,FALSE,2021-01-03T11:23:25Z,GRU
1,FALSE,2021-01-03T11:33:25Z,GRU
1,FALSE,2021-01-03T10:43:25Z,Isolation Forest
7,FALSE,2021-01-03T10:53:25Z,Isolation Forest
3,FALSE,2021-01-03T11:03:25Z,Isolation Forest
3,FALSE,2021-01-03T11:13:25Z,Isolation Forest
4,FALSE,2021-01-03T11:23:25Z,Isolation Forest
1,FALSE,2021-01-03T11:33:25Z,Isolation Forest
1,FALSE,2021-01-03T11:43:40Z,LSTM
3,FALSE,2021-01-03T11:53:40Z,LSTM
1,FALSE,2021-01-03T12:03:40Z,LSTM
3,FALSE,2021-01-03T12:13:31Z,LSTM
3,FALSE,2021-01-03T12:23:31Z,LSTM
4,FALSE,2021-01-03T12:33:31Z,LSTM
1,FALSE,2021-01-03T11:43:40Z,GRU
3,FALSE,2021-01-03T11:53:40Z,GRU
1,FALSE,2021-01-03T12:03:40Z,GRU
3,FALSE,2021-01-03T12:13:31Z,GRU
3,FALSE,2021-01-03T12:23:31Z,GRU
4,FALSE,2021-01-03T12:33:31Z,GRU
1,FALSE,2021-01-03T11:43:40Z,DNN
3,FALSE,2021-01-03T11:53:40Z,DNN
1,FALSE,2021-01-03T12:03:40Z,DNN
3,FALSE,2021-01-03T12:13:31Z,DNN
3,FALSE,2021-01-03T12:23:31Z,DNN
4,FALSE,2021-01-03T12:33:31Z,DNN
1,FALSE,2021-01-03T11:43:40Z,Isolation Forest
3,FALSE,2021-01-03T11:53:40Z,Isolation Forest
1,FALSE,2021-01-03T12:03:40Z,Isolation Forest
3,FALSE,2021-01-03T12:13:31Z,Isolation Forest
3,FALSE,2021-01-03T12:23:31Z,Isolation Forest
4,FALSE,2021-01-03T12:33:31Z,Isolation Forest
6,FALSE,2021-01-03T12:43:45Z,LSTM
6,FALSE,2021-01-03T12:53:45Z,LSTM
5,FALSE,2021-01-03T13:03:45Z,LSTM
1,TRUE,2021-01-03T13:13:45Z,LSTM
11,FALSE,2021-01-03T13:23:45Z,LSTM
7,FALSE,2021-01-03T13:33:45Z,LSTM
6,FALSE,2021-01-03T12:43:45Z,GRU
6,FALSE,2021-01-03T12:53:45Z,GRU
5,FALSE,2021-01-03T13:03:45Z,GRU
1,TRUE,2021-01-03T13:13:45Z,GRU
11,FALSE,2021-01-03T13:23:45Z,GRU
7,FALSE,2021-01-03T13:33:45Z,GRU
6,FALSE,2021-01-03T12:43:45Z,DNN
6,FALSE,2021-01-03T12:53:45Z,DNN
5,FALSE,2021-01-03T13:03:45Z,DNN
1,TRUE,2021-01-03T13:13:45Z,DNN
11,FALSE,2021-01-03T13:23:45Z,DNN
7,FALSE,2021-01-03T13:33:45Z,DNN
6,FALSE,2021-01-03T12:43:45Z,Isolation Forest
6,FALSE,2021-01-03T12:53:45Z,Isolation Forest
5,FALSE,2021-01-03T13:03:45Z,Isolation Forest
1,FALSE,2021-01-03T13:13:45Z,Isolation Forest
11,FALSE,2021-01-03T13:23:45Z,Isolation Forest
7,FALSE,2021-01-03T13:33:45Z,Isolation Forest
8,FALSE,2021-01-03T13:44:01Z,LSTM
1,TRUE,2021-01-03T13:54:01Z,LSTM
6,FALSE,2021-01-03T14:04:01Z,LSTM
6,FALSE,2021-01-03T14:14:01Z,LSTM
4,FALSE,2021-01-03T14:24:01Z,LSTM
3,FALSE,2021-01-03T14:34:01Z,LSTM
8,FALSE,2021-01-03T13:44:01Z,Isolation Forest
1,FALSE,2021-01-03T13:54:01Z,Isolation Forest
6,FALSE,2021-01-03T14:04:01Z,Isolation Forest
6,FALSE,2021-01-03T14:14:01Z,Isolation Forest
4,FALSE,2021-01-03T14:24:01Z,Isolation Forest
3,FALSE,2021-01-03T14:34:01Z,Isolation Forest
8,FALSE,2021-01-03T13:44:01Z,DNN
1,TRUE,2021-01-03T13:54:01Z,DNN
6,FALSE,2021-01-03T14:04:01Z,DNN
6,FALSE,2021-01-03T14:14:01Z,DNN
4,FALSE,2021-01-03T14:24:01Z,DNN
3,FALSE,2021-01-03T14:34:01Z,DNN
8,FALSE,2021-01-03T13:44:01Z,GRU
1,TRUE,2021-01-03T13:54:01Z,GRU
6,FALSE,2021-01-03T14:04:01Z,GRU
6,FALSE,2021-01-03T14:14:01Z,GRU
4,FALSE,2021-01-03T14:24:01Z,GRU
3,FALSE,2021-01-03T14:34:01Z,GRU
6,FALSE,2021-01-03T14:44:21Z,DNN
9,FALSE,2021-01-03T14:54:21Z,DNN
1,FALSE,2021-01-03T15:04:21Z,DNN
1,FALSE,2021-01-03T15:14:21Z,DNN
1,FALSE,2021-01-03T15:24:21Z,DNN
3,FALSE,2021-01-03T15:34:21Z,DNN
6,FALSE,2021-01-03T14:44:21Z,Isolation Forest
9,FALSE,2021-01-03T14:54:21Z,Isolation Forest
1,FALSE,2021-01-03T15:04:21Z,Isolation Forest
1,FALSE,2021-01-03T15:14:21Z,Isolation Forest
1,FALSE,2021-01-03T15:24:21Z,Isolation Forest
3,FALSE,2021-01-03T15:34:21Z,Isolation Forest
6,FALSE,2021-01-03T14:44:21Z,GRU
9,TRUE,2021-01-03T14:54:21Z,GRU
1,FALSE,2021-01-03T15:04:21Z,GRU
1,FALSE,2021-01-03T15:14:21Z,GRU
1,FALSE,2021-01-03T15:24:21Z,GRU
3,FALSE,2021-01-03T15:34:21Z,GRU
6,FALSE,2021-01-03T14:44:21Z,LSTM
9,TRUE,2021-01-03T14:54:21Z,LSTM
1,FALSE,2021-01-03T15:04:21Z,LSTM
1,FALSE,2021-01-03T15:14:21Z,LSTM
1,FALSE,2021-01-03T15:24:21Z,LSTM
3,FALSE,2021-01-03T15:34:21Z,LSTM